A353.gene,Position in dataset,Root.tip.variance,Saturation,Missing.data,Evolutionary.rate,Tree.length,Treeness,Av.patristic.distance,Alignment.length,Occupancy,Proportion.variable.sites,Av.boostrap.support,RF.similarity,PC1,PC2
5280,45,0.000648311,0.505944054,0.044811611,0.011388387,2.767378,0.278014424,0.082436568,1002,0.861702128,0.704590818,25.28512397,0.220833333,-0.488474368,-2.594127122
6946,290,0.000892841,0.64092139,0.211625039,0.011522277,3.249282,0.256599458,0.091114212,345,1,1,29.01075269,0.265232975,-0.336006908,-1.830003074
5950,141,0.001588392,0.814243618,0.030337079,0.0117133,3.127451,0.412636681,0.112685488,660,0.946808511,0.918181818,12.33712121,0.068181818,2.072608094,-2.850327936
5064,25,0.001297864,0.147492268,0.1756661,0.012343862,2.419397,0.307409656,0.077728034,216,0.695035461,1,15.06735751,0.134715026,-1.019637018,-3.852230558
6527,233,0.002667851,0.684071725,0.080104269,0.012493869,3.523271,0.351666108,0.125209021,906,1,1,22.50537634,0.182795699,1.067915535,-1.652619879
4744,5,0.000725046,0.228155711,0.010006254,0.012723722,2.608363,0.335688323,0.092605901,117,0.726950355,0.683760684,20.99009901,0.227722772,-1.151989716,-2.908970801
5980,147,0.000387372,0.455569204,0.137093676,0.012778837,3.603632,0.255948443,0.084124126,480,1,1,31.5480427,0.247311828,-1.117662145,-2.203512455
7136,311,0.001905322,0.588544495,0.190366368,0.012788974,3.465812,0.275968518,0.085711727,280,0.960992908,1,22.35820896,0.164179104,0.2504565,-2.640484661
5945,139,0.000884572,0.455262171,0.044861516,0.012817993,3.589038,0.324359341,0.109442556,588,0.992907801,1,39.37545126,0.350180505,-1.462268453,-0.868504533
5981,148,0.001027277,0.5620504,0.004166667,0.012896858,3.636914,0.247377584,0.087907077,840,1,0.739285714,21.78136201,0.240143369,-0.158911685,-2.450172698
5841,116,0.002329572,0.630801337,0.12258693,0.012981252,3.608788,0.278824082,0.109605611,720,0.985815603,1,26.12727273,0.185454545,0.517997162,-1.852109414
6978,299,0.00056991,0.40767587,0.059051282,0.013078004,3.413359,0.32136731,0.100814976,759,0.925531915,1,18.01937984,0.174418605,-0.264867772,-2.902886437
6746,266,0.001138173,0.695174471,0.390525316,0.013087133,3.638223,0.279393539,0.095332442,159,0.985815603,1,33.04363636,0.269090909,-0.223590369,-1.46067734
7024,304,0.001580954,0.363048086,0.191380808,0.013129809,3.702606,0.248796118,0.094193206,294,1,1,26.05017921,0.186379928,-0.668265444,-2.531745289
5220,39,0.002683997,0.641087083,0.171032409,0.013230288,2.712209,0.361024169,0.116600061,438,0.726950355,1,11.62376238,0.074257426,1.675572022,-2.852791866
6036,157,0.001041046,0.457257708,0.10462934,0.013233453,3.652433,0.303775045,0.09885025,1251,0.978723404,0.896083133,37.87179487,0.344322344,-1.442532121,-1.143726888
6407,208,0.000910143,0.230174134,0.108252005,0.013255078,3.737932,0.275654025,0.09601068,351,1,1,34.86021505,0.315412186,-2.058252205,-1.738378655
6947,291,0.000469969,0.222336507,0.04442276,0.013347639,3.363605,0.256389796,0.084459255,915,0.893617021,0.890710383,31.00401606,0.305220884,-2.070316192,-2.240786773
5454,72,0.002374492,0.472594828,0.06870797,0.013691791,3.861085,0.297925065,0.109353793,1158,1,0.924006908,36.1827957,0.290322581,-0.78067661,-1.108092992
6265,183,0.002627136,0.517965466,0.176086156,0.013771371,3.855984,0.277402085,0.104370663,582,0.992907801,1,36.74729242,0.332129964,-0.885082404,-0.878432495
5578,87,0.00078348,0.388790141,0.036556112,0.01381711,3.896425,0.277815947,0.105888018,204,1,1,61.7562724,0.598566308,-3.60200592,1.151411886
5343,55,0.005842061,0.88561104,0.182342244,0.013854817,3.255882,0.399383024,0.150017175,702,0.833333333,1,13.89655172,0.086206897,3.229280707,-1.441943607
6051,161,0.001356465,0.5054645,0.035235248,0.013880214,3.830939,0.288143977,0.119395576,1047,0.978723404,0.799426934,28.71428571,0.278388278,-0.348177907,-1.427837847
6955,293,0.001064472,0.540056081,0.002912867,0.013902706,3.920563,0.27974018,0.105195366,336,1,0.520833333,28.43369176,0.243727599,-0.178762912,-1.88491195
6717,263,0.003572182,0.921697129,0.020847395,0.013956883,3.572962,0.528523953,0.172961547,1389,0.907801418,0.760259179,8.893700787,0.04743083,3.71820515,-1.711517696
6550,241,0.00263658,0.451084033,0.008554817,0.0141089,3.950492,0.255161382,0.111163793,258,0.992907801,1,33.38267148,0.288808664,-0.717697859,-1.194182565
5660,97,0.001682288,0.26890612,0.001057082,0.014128149,3.885241,0.256920999,0.097931451,516,0.975177305,0.678294574,43.13235294,0.352941176,-2.117123466,-1.064823325
6860,278,0.00396365,0.585998809,0.009211706,0.01415122,3.990644,0.296732056,0.127326142,522,1,0.764367816,39.37992832,0.35483871,-0.284687251,-0.048040723
7367,326,0.001284105,0.557175721,0.055884996,0.014209702,3.765571,0.285882274,0.104613759,315,0.939716312,1,24.61832061,0.251908397,-0.184359938,-1.910882111
5699,100,0.001242167,0.578834831,0.051590551,0.014237394,3.616298,0.307451709,0.111951497,375,0.90070922,1,34.10756972,0.282868526,-0.491652449,-1.186274394
6544,240,0.001298593,0.970431885,0.01088991,0.014251554,2.394261,0.398403516,0.185849591,1959,0.595744681,0.939765186,15.86060606,0.103030303,3.142546635,-1.09441092
5664,98,0.001478122,0.481629338,0.027305023,0.014257663,3.977888,0.291053695,0.100981685,906,0.989361702,0.863134658,23.60869565,0.210144928,-0.178402405,-2.30356674
6914,287,0.003134681,0.476122482,0.091265498,0.014302765,3.961866,0.279705068,0.107988263,663,0.982269504,0.870286576,27.44890511,0.277372263,-0.295682387,-1.50301715
5354,57,0.00093273,0.59356055,0.232154762,0.014446804,4.045105,0.294951553,0.118150237,300,0.992907801,1,26.02508961,0.23465704,0.07429949,-1.688935171
6284,187,0.002866769,0.749566561,0.089052288,0.014473979,4.081662,0.312467078,0.131092452,816,1,0.914215686,29.6702509,0.186379928,1.157533749,-1.118156641
4691,3,0.001500317,0.342200581,0.079975954,0.014497534,4.044812,0.313559938,0.100928804,316,0.989361702,0.598101266,34.9384058,0.358695652,-1.58029541,-1.303477763
6865,280,0.001719045,0.730913161,0.13179669,0.014545589,4.101856,0.253993558,0.098563061,612,1,1,29.42293907,0.261648746,0.177106949,-1.491627999
5528,81,0.001568541,0.664374871,0.037060941,0.014579142,3.703102,0.297164377,0.109882829,1098,0.90070922,1,34.0876494,0.330677291,-0.394461838,-0.858751449
7333,323,0.001950861,0.495351271,0.025332469,0.014708744,4.074322,0.299760058,0.12702846,351,0.982269504,1,32.13868613,0.255474453,-0.293386611,-1.157106952
6705,261,0.002575701,0.304810404,0.018588931,0.014713814,3.869733,0.284360704,0.110202949,216,0.932624113,1,32.72307692,0.273076923,-1.131399348,-1.497822262
5299,47,0.001562341,0.525707644,0.105799935,0.014783032,4.124466,0.270798935,0.092144929,330,0.989361702,1,27.05797101,0.210144928,-0.295588435,-2.217004119
5339,54,0.002414864,0.535427306,0.310805892,0.014796068,4.128103,0.319991531,0.132038299,1536,0.989361702,1,30.07246377,0.27173913,-0.032239896,-0.984570895
5032,22,0.003280368,0.655242916,0.147111402,0.014802643,4.026319,0.302161354,0.119362415,909,0.964539007,0.920792079,33.73234201,0.26394052,0.282034919,-0.840654569
6848,275,0.002394365,0.573087162,0.11972751,0.014837121,4.184068,0.276213484,0.132880815,570,1,0.868421053,36.93189964,0.315412186,-0.277410045,-0.431713975
6883,283,0.000314728,0.435324793,0.027840652,0.01485073,4.187906,0.256485222,0.091215098,423,1,0.780141844,45.55913978,0.390681004,-2.13869106,-0.841715396
6791,271,0.000978379,0.416768788,0.085407467,0.014920741,4.207649,0.27304749,0.113808988,318,1,1,32.59139785,0.254480287,-0.869098097,-1.581719863
6494,226,0.001297212,0.469323865,0.037686648,0.014938326,4.212608,0.274703936,0.116168949,1281,1,0.916471507,62.67741935,0.491039427,-2.659518339,1.017067155
5942,137,0.003593232,0.510980186,0.110665621,0.014954936,4.217292,0.291498194,0.129262297,597,1,1,41.13978495,0.329749104,-0.604653526,-0.149706304
7111,308,0.002066434,0.660989988,0.026620558,0.014964222,4.175018,0.305097128,0.104989387,597,0.989361702,0.810720268,16.42391304,0.123188406,1.201904676,-2.687159358
5449,71,0.001689495,0.559018012,0.041761966,0.015062252,4.247555,0.279352239,0.117374829,1107,1,0.962962963,30.89247312,0.311827957,-0.4293802,-1.07944961
6439,212,0.002350444,0.380452579,0.086321745,0.015108954,4.245616,0.228272175,0.107701244,468,0.996453901,0.805555556,27.55755396,0.251798561,-0.599791184,-1.840324258
5721,104,0.003870341,0.555735854,0.033451957,0.015139185,4.254111,0.271888298,0.130470569,615,0.996453901,0.801626016,34.96402878,0.334532374,-0.134931857,-0.330360086
7577,329,0.001087604,0.488711486,0.189791761,0.015161883,4.275651,0.261530466,0.104382288,282,1,1,34.67615658,0.283154122,-0.925137077,-1.418133113
6318,191,0.000733058,0.516541123,0.049512385,0.015233089,4.295731,0.276450271,0.090548631,1653,1,0.944948578,31.48028674,0.272401434,-0.874222803,-1.871550602
6016,153,0.003905084,0.651492492,0.1527079,0.015340057,4.325896,0.26857673,0.120404567,1053,1,0.714150047,34.390681,0.304659498,0.251875342,-0.564814848
5870,125,0.006022396,0.867832882,0.050476898,0.015425112,4.257331,0.344840934,0.183401367,351,0.978723404,1,16.74725275,0.128205128,3.314961261,-0.534555059
7336,324,0.004179291,0.607004388,0.07104551,0.015441506,4.184648,0.313135537,0.132208406,450,0.960992908,1,26.64925373,0.220149254,0.815824135,-1.08212369
6738,265,0.001451341,0.466974162,0.033974312,0.015454528,4.358177,0.271385031,0.105595329,291,1,1,34.96774194,0.333333333,-1.159855334,-1.133130857
5398,61,0.002420878,0.451392099,0.069202628,0.01546318,4.298764,0.278646606,0.10725289,1821,0.985815603,0.935200439,55.60727273,0.396363636,-2.005388525,0.213589838
5138,31,0.000874358,0.514615993,0.193586186,0.015468883,4.362225,0.270989231,0.107946892,690,1,1,51.60573477,0.440860215,-2.103181791,0.153979484
5772,108,0.003547259,0.528663698,0.037383689,0.015592211,4.209897,0.304834774,0.122601293,609,0.957446809,1,27.60299625,0.27340824,0.078439296,-1.127640953
5038,24,0.000983145,0.521407729,0.143717039,0.015720071,4.43306,0.260713142,0.115661396,585,1,1,42.98924731,0.372759857,-1.376727694,-0.399173809
5921,133,0.001271236,0.632044377,0.016397122,0.015725371,4.277301,0.268457375,0.117416561,3489,0.964539007,1,23.99256506,0.19330855,0.495792129,-1.900179347
5271,43,0.001522964,0.559116547,0.117683932,0.01577978,4.449898,0.266011041,0.102052021,594,1,0.84006734,50.10752688,0.383512545,-1.563981123,-0.177831366
6713,262,0.001965783,0.581088146,0.272065423,0.015780103,4.276408,0.275375268,0.109538758,444,0.960992908,1,28.11940299,0.253731343,-0.071672401,-1.547778654
6859,277,0.001124878,0.612928509,0.028044543,0.015808143,4.410472,0.297546839,0.104727752,786,0.989361702,1,35.10869565,0.275362319,-0.483844113,-1.274510186
5554,85,0.001085706,0.599928912,0.021897469,0.015856691,3.853176,0.30915899,0.115455391,1143,0.861702128,0.944006999,29.30833333,0.245833333,-0.054231879,-1.517372619
6969,298,0.004084952,0.958254119,0.071511628,0.015930582,4.460563,0.389461151,0.099970854,129,0.992907801,1,19.67509025,0.140794224,2.168484276,-1.918529544
4757,6,0.00080369,0.450974119,0.11728992,0.015962411,4.5014,0.275997467,0.119043573,594,1,0.646464646,42.76702509,0.376344086,-1.470197115,-0.493509353
6226,179,0.000898077,0.393769929,0.038079334,0.015988113,4.508648,0.268531941,0.123144073,1032,1,0.874031008,52.390681,0.444444444,-2.312741421,0.309340348
5859,122,0.001356378,0.464414707,0.151577439,0.016041331,4.45949,0.286738394,0.118047163,693,0.985815603,1,23.12,0.178181818,0.056802378,-2.191380795
6526,232,0.000636832,0.427482267,0.129820641,0.016114603,4.463745,0.272694341,0.110752177,378,0.982269504,1,32.21532847,0.244525547,-0.864510042,-1.72603451
5899,128,0.003789873,0.463461772,0.018137752,0.016154582,4.555592,0.281577235,0.131910352,1785,1,0.953501401,55.03225806,0.444444444,-1.664475308,1.020996862
6150,173,0.00300855,0.430609418,0.2251337,0.016170698,4.543966,0.290620132,0.13644793,537,0.996453901,1,21.52517986,0.154676259,0.570837069,-1.897443691
5347,56,0.000976843,0.597901318,0.019382104,0.01618444,4.564012,0.226627362,0.09468477,219,1,1,32.11111111,0.254480287,-0.481687131,-1.718838143
4848,11,0.003179138,0.37935846,0.136364824,0.016231982,4.577419,0.258999012,0.121465338,1629,1,0.877225292,59.72759857,0.519713262,-2.623816286,1.217410007
6119,168,0.000447901,0.377433144,0.070809489,0.016250663,4.582687,0.242793802,0.101436677,2175,1,0.893333333,50.22580645,0.405017921,-2.453949514,-0.421410195
6500,229,0.002598406,0.545553526,0.004658806,0.016266576,4.375709,0.280217674,0.115361104,1398,0.953900709,0.819027182,26.47744361,0.184210526,0.406986307,-1.840066349
6779,267,0.00285882,0.468207948,0.026069616,0.016269679,4.55551,0.315963965,0.111898067,591,0.992907801,0.854483926,22.05776173,0.223826715,0.110388675,-1.973861273
6538,238,0.003739973,0.498597763,0.047094602,0.016312154,4.551091,0.277250004,0.123303712,495,0.989361702,1,34.88405797,0.297101449,-0.337378733,-0.687558921
5426,66,0.002412794,0.557717645,0.01991894,0.016376726,4.60186,0.285473265,0.133597605,1440,0.996453901,0.850694444,52.72661871,0.384892086,-1.156675637,0.603190077
6412,209,0.001910994,0.582017063,0.049463227,0.016383787,4.620228,0.271319727,0.134457535,584,1,1,43.01433692,0.372759857,-0.812317598,0.112828538
5357,59,0.001757434,0.413842864,0.001145663,0.016385656,4.620755,0.242581786,0.114562231,195,1,1,62.35125448,0.537634409,-3.020411443,1.191540517
6532,236,0.006860127,0.891650461,0.114841567,0.016391734,4.376593,0.395333311,0.200828428,252,0.946808511,0.634920635,18.875,0.174242424,3.59130342,0.153037111
4989,19,0.000682331,0.584811494,0.069077275,0.01639221,4.606211,0.254290131,0.115064548,672,0.996453901,0.785714286,58.43884892,0.496402878,-2.210854198,0.876732037
6320,192,0.000623729,0.3993011,0.002229438,0.016437124,4.635269,0.262356726,0.11464982,1317,1,0.883826879,49.4874552,0.419354839,-2.231085938,-0.111963535
7241,315,0.005932254,0.606981508,0.078352903,0.016450358,3.997437,0.297804568,0.163096534,327,0.861702128,1,28.15416667,0.241666667,1.302050536,-0.167115871
6498,228,0.002515397,0.834753759,0.021354461,0.01645881,4.592008,0.359798371,0.209913799,285,0.989361702,1,16.39492754,0.119565217,3.049077686,-0.583719806
4954,18,0.000845104,0.604976235,0.029136395,0.016534993,4.662868,0.266677719,0.128042168,984,1,0.792682927,47.17921147,0.476702509,-1.494961014,0.544270349
5703,102,0.00206819,0.681300701,0.040080071,0.016553875,4.651639,0.27801835,0.109716639,240,0.996453901,1,41.71223022,0.287769784,-0.336547857,-0.635377726
6274,185,0.004067835,0.583871685,0.175489264,0.016561032,4.670211,0.261463775,0.160983285,582,1,0.680412371,56.93189964,0.508960573,-1.120642507,2.051584009
6383,199,0.001608719,0.508280084,0.072134439,0.016567677,4.672085,0.235341609,0.107547685,816,1,1,41.91756272,0.387096774,-1.450767131,-0.464348861
5318,49,0.001352446,0.78575385,0.076950355,0.016583706,4.676605,0.259095434,0.123651449,570,1,1,43.85663082,0.401433692,-0.505266011,0.275736529
6913,286,0.001373747,0.75131701,0.007528772,0.016584213,3.814369,0.321513204,0.116830479,816,0.815602837,0.802696078,17.65638767,0.162995595,1.325070577,-2.213536636
7331,322,0.004268165,0.597317725,0.331281901,0.016608801,4.667073,0.264979999,0.128923393,654,0.996453901,1,34.4028777,0.327338129,0.019310034,-0.288938652
6056,162,0.001103855,0.671677553,0.038680042,0.01663382,4.624202,0.284523254,0.132756709,1065,0.985815603,1,30.66545455,0.287272727,0.143298328,-0.86371673
5968,144,0.003110006,0.67780003,0.399384196,0.016639878,4.625886,0.283477803,0.12760082,243,0.985815603,1,31.33090909,0.218181818,0.684176847,-1.000169439
6506,230,0.000944144,0.615002642,0.112149792,0.016696221,4.674942,0.255772585,0.112941576,515,0.992907801,1,44.79061372,0.368231047,-1.146338389,-0.277576681
4890,13,0.000962578,0.492486408,0.303122598,0.016747404,4.722768,0.237360378,0.108532848,489,1,1,43.3655914,0.315412186,-1.320814456,-0.810833829
5034,23,0.018152834,0.900440606,0.073618185,0.016771344,3.11947,0.489951819,0.143618686,570,0.659574468,1,17.39344262,0.087431694,4.917897317,0.087340323
5842,117,0.001461895,0.543222018,0.148238664,0.016774823,4.7305,0.267328189,0.129388739,666,1,1,51.39426523,0.405017921,-1.497671975,0.455522008
5260,41,0.002628537,0.439996178,0.004091653,0.016775397,4.730662,0.24855274,0.11402097,78,1,1,42.23297491,0.318996416,-1.157038394,-0.615842051
5865,123,0.00672791,0.891124684,0.02559149,0.016802544,4.721515,0.420808575,0.141935762,1365,0.996453901,0.897435897,17.51438849,0.147482014,2.927924065,-1.037071245
7174,313,0.003682817,0.590320515,0.010739864,0.016808739,4.319846,0.255015341,0.124126791,1380,0.911347518,0.907246377,20.03937008,0.204724409,0.918516504,-1.688361571
6064,163,0.001195637,0.275925661,0.044417951,0.016819277,4.743036,0.241614864,0.108876066,348,1,1,63.58422939,0.508960573,-3.545494794,0.781951256
6068,164,0.000787726,0.538280135,0.013798349,0.016837665,3.973689,0.28041651,0.108631569,234,0.836879433,1,24.84120172,0.17167382,0.073699894,-2.285974151
6961,295,0.003042239,0.912378171,0.027203647,0.016885049,3.782251,0.42694919,0.119024975,705,0.794326241,0.834042553,16.87330317,0.176470588,2.090342947,-1.751416329
6780,268,0.005924634,0.713588772,0.026419952,0.016893931,4.645831,0.307386773,0.162669901,339,0.975177305,0.625368732,29.95955882,0.286764706,1.531115108,0.188299935
7028,305,0.001505798,0.180506485,0.383384602,0.016897089,4.764979,0.257060314,0.116343359,498,1,1,45.40501792,0.390681004,-2.582571788,-0.543255836
6379,198,0.000577688,0.333244036,0.017243277,0.016905014,4.750309,0.283667652,0.11678835,291,0.996453901,0.75257732,51.13669065,0.410071942,-2.396742166,-0.1480122
6420,210,0.003170413,0.764078123,0.066256739,0.016908021,4.734246,0.283654039,0.132654779,636,0.992907801,0.770440252,39.09747292,0.342960289,0.310972505,0.098470882
5427,67,0.002468515,0.673457864,0.054227428,0.01691005,4.768634,0.302402533,0.132170283,801,1,1,30.89605735,0.132616487,1.021428323,-1.419998677
5770,107,0.003865863,0.813572222,0.03922372,0.016927283,4.48573,0.346729072,0.150977705,1050,0.939716312,1,24.79770992,0.213740458,1.770726025,-0.656735986
6652,256,0.001805356,0.662604195,0.065102746,0.016930025,4.774267,0.263711267,0.104299474,1053,1,1,27.41935484,0.161290323,0.543992888,-2.022231468
5477,77,0.001484058,0.353270001,0.145077836,0.016941191,4.777416,0.248538959,0.106722165,477,1,1,47.56272401,0.376344086,-2.138712464,-0.473994023
6487,223,0.003663998,0.544922613,0.035217958,0.017003156,4.79489,0.254367671,0.124861668,1605,1,0.830529595,52.87455197,0.426523297,-1.298046764,0.781170761
6114,167,0.001565579,0.630410515,0.045584534,0.017003628,4.795023,0.321090848,0.107270168,186,1,1,27.95340502,0.243727599,0.054678172,-1.629409152
6128,169,0.002152638,0.640002201,0.283036891,0.017010021,4.762806,0.295382176,0.158095491,759,0.992907801,1,46.5198556,0.375451264,-0.431916175,0.795540957
6496,227,0.002493555,0.773217211,0.108755185,0.017011659,4.746253,0.318726583,0.114578838,534,0.989361702,1,33.74637681,0.268115942,0.449130545,-0.842892166
6979,300,0.003107039,0.705319806,0.014885849,0.017018455,2.433639,0.371917939,0.130935374,816,0.507092199,0.621323529,22.89285714,0.185714286,1.390813655,-1.501416817
4893,14,0.001305645,0.551221405,0.096688278,0.017077465,4.815845,0.246810269,0.111694863,699,1,0.712446352,53.26523297,0.419354839,-1.72454678,0.246157021
5977,146,0.002637556,0.733449769,0.117012228,0.017135575,3.906911,0.345081831,0.140630578,495,0.808510638,1,17.39555556,0.142222222,1.765904315,-1.748876896
6432,211,0.001593865,0.693480511,0.025385624,0.01715654,4.100413,0.350076931,0.136417798,402,0.84751773,0.691542289,25.36864407,0.190677966,1.057805794,-1.453018612
6462,221,0.002828979,0.588439393,0.005106604,0.017263577,4.73022,0.305343303,0.121449069,759,0.971631206,0.795783926,29.20295203,0.232472325,0.359326071,-1.30971505
5960,143,0.004858941,0.535606675,0.049997426,0.017293058,4.478902,0.30842001,0.143763792,1125,0.918439716,0.862222222,33.71875,0.26953125,0.412198604,-0.355805473
6387,201,0.003247934,0.617751739,0.023906558,0.017320941,4.676654,0.301642371,0.130648303,807,0.957446809,1,30.48689139,0.262172285,0.376773805,-0.836562325
5933,135,0.001004392,0.495273904,0.02402041,0.017337195,4.889089,0.296079699,0.128241916,663,1,1,53.10035842,0.433691756,-1.923778776,0.534584364
5131,30,0.00137177,0.50144507,0.021636345,0.017341993,4.890442,0.265712383,0.126608966,621,1,0.784219002,61.7562724,0.541218638,-2.556391376,1.418499061
6227,180,0.00231689,0.662288686,0.093329452,0.017364581,4.844718,0.299560676,0.144558595,591,0.989361702,1,26.87681159,0.210144928,0.905227286,-1.056912583
6038,158,0.004316131,0.580446557,0.042032965,0.017436773,4.91717,0.265452893,0.134851046,1077,1,1,59.64874552,0.462365591,-1.417090462,1.576068938
6449,215,0.002591804,0.487392087,0.009025271,0.01746191,4.836949,0.252903638,0.117215154,222,0.982269504,1,38.18248175,0.346715328,-0.951093001,-0.562295262
5958,142,0.003172571,0.610329111,0.042169031,0.017507848,4.937213,0.292884062,0.143049377,360,1,1,44.85663082,0.326164875,-0.283816649,0.312988522
6864,279,0.00374335,0.591537214,0.127939432,0.01751653,4.922145,0.290495099,0.14225007,306,0.996453901,1,41.78057554,0.226618705,0.274365957,-0.259457231
5116,28,0.003582748,0.469986727,0.018647244,0.017538812,4.945945,0.255815016,0.126561789,1056,1,0.870265152,47.3297491,0.426523297,-1.364029228,0.464860153
6366,194,0.001772477,0.676539999,0.003921569,0.017562082,4.478331,0.301706596,0.13806609,318,0.904255319,0.70754717,28.92857143,0.28968254,0.483151599,-0.798185701
6384,200,0.0025209,0.57340988,0.016405883,0.017636333,4.973446,0.271832448,0.132128921,771,1,1,36.30107527,0.390681004,-0.627418828,-0.087547486
6004,152,0.001396163,0.330519933,0.049692036,0.017643451,4.816662,0.280596189,0.118214596,675,0.968085106,0.888888889,36.32222222,0.337037037,-1.489543337,-1.022207672
5918,131,0.001234175,0.397157994,0.201261826,0.017656901,4.979246,0.232376147,0.117361222,557,1,1,54.89605735,0.430107527,-2.390846448,0.318601888
5644,95,0.002764024,0.392591436,0.082585477,0.017683223,4.986669,0.249591461,0.137448069,927,1,1,41.38709677,0.394265233,-1.31644768,0.063791608
6552,242,0.005290303,0.543263278,0.14800235,0.017709065,4.887702,0.257827093,0.132120561,555,0.978723404,1,38.82417582,0.318681319,-0.081524395,-0.016664818
6460,220,0.001492178,0.353955638,0.073134144,0.017722532,4.997754,0.253529285,0.130467542,747,1,0.863453815,60.60573477,0.505376344,-2.813768414,1.114987821
6282,186,0.002054162,0.646157224,0.12984945,0.017771064,4.691561,0.316071346,0.141333535,471,0.936170213,0.757961783,31.93869732,0.279693487,0.385821383,-0.646532151
5200,37,0.001682507,0.680607991,0.141422335,0.017798555,4.520833,0.274845808,0.126303831,597,0.90070922,0.778894472,36.74103586,0.3187251,-0.080236015,-0.507927694
6540,239,0.003551894,0.498087702,0.286245059,0.017825309,4.90196,0.351038972,0.150594543,184,0.975177305,1,29.23897059,0.261029412,0.312379844,-0.659010224
6954,292,0.001969473,0.535845199,0.068187012,0.017854381,5.017081,0.25924995,0.133144265,654,0.996453901,0.729357798,40.89208633,0.31294964,-0.532749804,-0.374987582
7324,320,0.004347904,0.609764743,0.010826449,0.017913719,5.033755,0.289408205,0.13909681,663,0.996453901,0.659125189,38.42805755,0.294964029,0.329841235,-0.106679682
6072,165,0.00337837,0.448017148,0.133119862,0.017932443,5.056949,0.231137391,0.121362364,402,1,1,69.609319,0.52688172,-2.78352447,1.823166738
5463,74,0.002399068,0.494332039,0.066129348,0.017941834,4.969888,0.253975542,0.131131125,387,0.982269504,0.705426357,39.04014599,0.354014599,-0.739320856,-0.305812285
4806,10,0.001514747,0.387420651,0.025187735,0.017967043,5.066706,0.271069014,0.129604395,612,1,0.892156863,51.19713262,0.41218638,-1.987724711,0.285679245
4724,4,0.000722491,0.357770977,0.047533491,0.01802783,5.083848,0.259336235,0.121024524,675,1,0.805925926,50.02867384,0.419354839,-2.266386368,-0.026402673
6458,218,0.001999026,0.648504232,0.116789449,0.018040025,5.087287,0.205100675,0.116965935,1239,1,1,46.07885305,0.394265233,-0.988186289,0.137794195
5090,26,0.001618005,0.486106183,0.023605059,0.018053787,5.091168,0.248562216,0.129105246,498,1,0.604417671,60.52329749,0.516129032,-2.319099427,1.272495089
5464,75,0.002160621,0.594539225,0.040361582,0.018128184,4.532046,0.282590247,0.126367173,708,0.886524823,0.957627119,38.84615385,0.319838057,-0.438275954,-0.425977038
5551,84,0.003206701,0.69310796,0.112035996,0.018146432,5.081001,0.325271142,0.143838261,381,0.992907801,1,25.42960289,0.274368231,0.897646875,-0.693535644
6631,251,0.00220016,0.407621874,0.268699528,0.018152007,5.028106,0.307841362,0.128464449,477,0.982269504,0.987421384,47.52919708,0.452554745,-1.921173841,0.407155916
6483,222,0.001917629,0.558500539,0.222458629,0.018175642,5.125531,0.275547255,0.131937822,720,1,1,48.07168459,0.390681004,-1.171448992,0.354618098
5531,82,0.004781934,0.593572521,0.254022039,0.018236022,5.014906,0.282769607,0.154513669,396,0.975177305,1,28.29779412,0.246323529,0.957104479,-0.441045063
6026,154,0.00297469,0.517584519,0.046254698,0.01823684,5.142789,0.267956356,0.118816099,753,1,0.901726428,48.28673835,0.387096774,-1.260585444,0.179768519
5919,132,0.001279722,0.423407923,0.010907336,0.018265354,5.114299,0.25611291,0.134452457,444,0.992907801,0.765765766,47.81949458,0.415162455,-1.695007965,0.226954421
6570,247,0.001969972,0.540451685,0.058020939,0.018285273,5.156447,0.242344583,0.122161384,630,1,0.815873016,44.83154122,0.397849462,-1.191646458,0.026683308
5670,99,0.001069522,0.672661605,0.096326375,0.01832161,5.166694,0.266981555,0.132298363,951,1,1,40.85663082,0.297491039,-0.257325309,-0.363833254
6559,244,0.001181585,0.543067323,0.045923741,0.018322532,5.166954,0.23850493,0.119128087,303,1,1,46.62724014,0.397849462,-1.468711725,-0.00687795
6376,196,0.001796465,0.613692459,0.187509105,0.018343883,5.154631,0.304804747,0.131091659,513,0.996453901,1,39.02877698,0.320143885,-0.396256823,-0.347447902
6649,255,0.002178807,0.475653455,0.127520759,0.018444338,5.182859,0.270030884,0.141325314,306,0.996453901,1,45.36428571,0.399280576,-1.240001585,0.366385962
5594,88,0.000795784,0.361394329,0.018830444,0.018466585,5.207577,0.265753152,0.132614899,648,1,0.734567901,55.16487455,0.480286738,-2.521742875,0.695200518
5406,63,0.002188624,0.623832336,0.010780998,0.018488592,5.213783,0.271858265,0.138071705,1491,1,1,52.67383513,0.516129032,-1.55193211,1.365961267
6373,195,0.001699605,0.688365966,0.080984879,0.018513794,5.22089,0.308371561,0.155109064,795,1,0.881761006,40.15412186,0.347670251,0.010054066,0.3114458
5656,96,0.004189835,0.492720435,0.042700946,0.018522238,5.223271,0.252308372,0.13905075,144,1,1,54.75268817,0.455197133,-1.477607459,1.272652253
7279,317,0.00251011,0.641358831,0.063840388,0.018543457,5.229255,0.273683154,0.145869407,669,1,0.92077728,49.96057348,0.419354839,-0.801917345,0.975099438
5913,130,0.004207363,0.713621287,0.055330588,0.01858617,5.2413,0.253049625,0.146665718,930,1,0.852688172,42.78853047,0.379928315,0.146147674,0.757270472
6448,214,0.005796114,0.667785099,0.333168643,0.018590011,5.205203,0.289940661,0.153970794,759,0.992907801,1,39.47292419,0.350180505,0.507939737,0.750752988
6401,205,0.004443123,0.648779563,0.033168833,0.018635555,5.236591,0.320665677,0.161547688,543,0.996453901,1,29.00357143,0.258992806,1.09384491,-0.200823021
6636,252,0.004739745,0.848183379,0.019842657,0.018675644,5.135802,0.342550394,0.184070713,624,0.975177305,0.826923077,28.80514706,0.209558824,2.360710745,0.202100732
6882,282,0.005891165,0.730447654,0.088600624,0.018734256,5.189389,0.318994009,0.160948679,531,0.982269504,0.828625235,37.50364964,0.295620438,1.187166991,0.589637109
5974,145,0.004552378,0.524617776,0.087440524,0.018761337,5.290697,0.241836189,0.140494744,711,1,0.917018284,57.46594982,0.426523297,-1.234732728,1.356406291
5489,78,0.004318548,0.729589127,0.083723874,0.018837857,5.123897,0.314888648,0.142079146,546,0.964539007,1,27.13011152,0.185873606,1.496555802,-0.883404018
6492,225,0.00790987,0.745712415,0.011370869,0.018857699,4.884144,0.348146369,0.1895478,546,0.918439716,0.705128205,32.0859375,0.3125,2.040345174,1.159655881
5943,138,0.003518109,0.644590987,0.065655104,0.01888,5.32416,0.278686403,0.160778527,1764,1,0.925170068,46.18996416,0.419354839,-0.334448261,1.187758827
6034,156,0.003135667,0.769412299,0.070369763,0.01893609,5.245297,0.308784993,0.149572271,396,0.982269504,0.727272727,21.63138686,0.145985401,2.009462219,-1.32193412
6689,260,0.002310719,0.303371912,0.019805863,0.018940035,5.34109,0.256336628,0.147809093,651,1,1,54.53046595,0.448028674,-2.24222481,0.930953695
7013,303,0.001776766,0.769748199,0.25115135,0.018960544,5.327913,0.235517359,0.128306717,408,0.996453901,1,31.56785714,0.215827338,0.800489803,-1.035097624
5469,76,0.004805387,0.744600952,0.099456827,0.018963925,5.328863,0.331937038,0.162076381,570,0.996453901,1,31.10071942,0.23381295,1.511705419,-0.055088019
6295,188,0.003529975,0.523809212,0.032038698,0.018974475,5.350802,0.254121158,0.129004561,1203,1,0.743142145,56.40860215,0.430107527,-1.441680758,0.976121634
6641,254,0.00147235,0.438031953,0.07399277,0.019001482,5.358418,0.229745608,0.117063754,567,1,1,42.72401434,0.401433692,-1.680818711,-0.295818705
6792,272,0.004070915,0.55743355,0.111768362,0.019001518,5.358428,0.234955103,0.126119514,696,1,1,41.10752688,0.304659498,-0.304958649,-0.210235081
5815,111,0.003322789,0.54640552,0.13418916,0.019009358,5.303611,0.269187917,0.128915894,294,0.989361702,1,40.58695652,0.336956522,-0.544722516,-0.136614675
4802,9,0.001747816,0.461449014,0.023278046,0.019047277,5.371332,0.213245057,0.115174675,753,1,0.871181939,42.82918149,0.35125448,-1.317555462,-0.516405722
6363,193,0.006642841,0.928108671,0.06093434,0.019080679,5.34259,0.320632877,0.137344478,1201,0.992907801,0.903413822,23.94584838,0.137184116,2.806277105,-0.837387123
5162,32,0.001266715,0.545013956,0.032828036,0.019082892,5.285961,0.292068368,0.143401511,1221,0.982269504,0.865683866,46.30291971,0.379562044,-1.015311888,0.308612365
5716,103,0.007012696,0.800998983,0.044055578,0.019086911,5.172553,0.303028698,0.168355527,1641,0.960992908,1,20.80597015,0.21641791,2.53266097,-0.164953251
4951,17,0.002423167,0.550184729,0.047930283,0.019115936,5.390694,0.259030099,0.124546816,459,1,1,49.95340502,0.405017921,-1.339697867,0.427857329
6050,160,0.003226564,0.721956456,0.035479604,0.019153306,4.75002,0.243497922,0.128715086,567,0.879432624,1,41.00816327,0.306122449,0.142443981,-0.064260855
4527,2,0.002685475,0.561434425,0.04902891,0.019178585,5.408361,0.216819476,0.118314824,1323,1,0.746787604,58.29032258,0.448028674,-1.716269894,0.904550755
5791,109,0.002631773,0.795440752,0.069253622,0.019261165,4.911597,0.26150924,0.142531723,429,0.904255319,1,24.94047619,0.218253968,1.399896045,-0.944603856
5421,64,0.002895625,0.467752952,0.179054119,0.019327457,5.450343,0.250372499,0.126134058,1113,1,0.902066487,57.78494624,0.440860215,-1.911897927,0.920079359
4889,12,0.014795993,0.787358995,0.138404405,0.019350978,5.302168,0.363681422,0.213530444,570,0.971631206,0.829824561,22.31734317,0.162361624,4.445321468,1.319634105
5857,120,0.001681242,0.682391224,0.075943283,0.019364713,4.783084,0.286132545,0.166665117,657,0.875886525,1,50.51639344,0.491803279,-0.909423218,1.663861951
6968,297,0.003612416,0.691220074,0.122231354,0.019422323,5.477095,0.21940043,0.115231065,699,1,1,53.95340502,0.401433692,-0.926712207,0.741448079
5802,110,0.004044744,0.686653964,0.137194748,0.019456448,5.467262,0.256210513,0.13062572,261,0.996453901,1,41.27338129,0.320143885,0.099666484,0.100772496
6565,246,0.005223526,0.885038921,0.13602376,0.019459604,5.156795,0.252293915,0.128080701,432,0.939716312,1,35.99618321,0.278625954,1.266947255,0.002077956
6447,213,0.001649412,0.665234351,0.096761779,0.019470028,5.490548,0.206399798,0.112450604,387,1,1,48.41218638,0.347670251,-0.913076769,-0.073182902
6003,151,0.0014788,0.751502918,0.000756501,0.01947778,5.492734,0.257960243,0.142176589,225,1,0.626666667,49.37992832,0.444444444,-0.614185341,0.967143192
5599,90,0.003758718,0.564962591,0.015138083,0.019481043,5.493654,0.258171155,0.158752,1584,1,0.917929293,58.80645161,0.519713262,-1.458304108,2.124605348
5264,42,0.001542884,0.584088675,0.050179314,0.019510493,5.345875,0.242576005,0.133458793,1152,0.971631206,1,57.36900369,0.498154982,-1.916646315,1.290737741
5304,48,0.001991079,0.508069282,0.194992737,0.019532191,5.508078,0.232014325,0.136075261,498,1,1,52.32616487,0.358422939,-1.280926595,0.41776862
5866,124,0.005032397,0.607807283,0.081210052,0.019534085,5.508612,0.265220894,0.149108121,243,1,1,50.55555556,0.422939068,-0.563437062,1.345693596
6398,204,0.010309914,0.851362301,0.170432507,0.01954595,5.492412,0.277586241,0.190041778,378,0.996453901,1,44.65107914,0.345323741,2.069104214,2.34875204
5733,105,0.003812256,0.558336132,0.09852478,0.019576792,5.461925,0.248662697,0.137298944,561,0.989361702,1,47.38043478,0.398550725,-0.835477664,0.677612158
5430,69,0.001086583,0.591228372,0.005792864,0.019637567,5.537794,0.218551828,0.116589912,393,1,0.809160305,58.95340502,0.440860215,-1.892011386,0.727212504
6299,189,0.001434282,0.407733636,0.137653127,0.019663401,5.545079,0.223600241,0.129253652,429,1,1,55.44086022,0.422939068,-2.170116224,0.553864109
5326,50,0.000778707,0.458144889,0.048160641,0.019670298,5.547024,0.257994377,0.143349896,1230,1,0.929268293,59.49103943,0.46953405,-2.249068996,1.173222246
5596,89,0.004019778,0.539610445,0.003613324,0.019698766,5.555052,0.241363537,0.133837996,1266,1,0.868088468,66.98566308,0.537634409,-2.14181985,2.138023096
6238,181,0.004930251,0.739146334,0.052770229,0.019707494,4.867751,0.326059817,0.152216076,876,0.875886525,0.737442922,25.48770492,0.163934426,1.994315755,-0.83932474
5163,33,0.001809984,0.651944868,0.135696944,0.019708528,5.557805,0.255794689,0.141936044,1557,1,0.944765575,50.11032028,0.397849462,-0.837974003,0.746606087
7363,325,0.00380614,0.602901576,0.041960671,0.01971203,5.2434,0.260539345,0.139421533,390,0.943262411,1,39.25095057,0.349809886,-0.17016919,0.171173933
5434,70,0.003258485,0.649322116,0.004817442,0.019722596,5.561772,0.23728301,0.131864831,675,1,0.872592593,56.45878136,0.430107527,-1.082732496,1.167177349
5422,65,0.001904636,0.613442461,0.038223876,0.019726637,5.543185,0.287853644,0.153036504,660,0.996453901,0.815151515,43.17985612,0.294964029,-0.077829233,0.091122437
6221,178,0.000586688,0.434832992,0.014277152,0.019794929,5.58217,0.255977335,0.134455996,497,1,1,52.69175627,0.419354839,-2.034850605,0.435245578
5018,21,0.0022555,0.599771561,0.082127788,0.019823667,5.411861,0.265622861,0.141333625,948,0.968085106,0.943037975,46.97037037,0.392592593,-0.820461598,0.558499966
5614,91,0.002254052,0.514503543,0.068811212,0.019897975,5.611229,0.244734264,0.143196852,2142,1,0.919701214,50.8781362,0.358422939,-1.054781961,0.502887817
6029,155,0.003307581,0.600530472,0.119022731,0.019910836,5.575034,0.26639425,0.147007554,861,0.992907801,1,48.41877256,0.397111913,-0.683656549,0.87854475
6000,150,0.001348647,0.669054094,0.097378446,0.019913404,5.61558,0.251033731,0.136048862,471,1,0.755838641,46.42293907,0.394265233,-0.707140807,0.396922069
5296,46,0.006992182,0.768002436,0.122064014,0.019954888,4.968767,0.302432978,0.162994473,924,0.882978723,0.888528139,31.63414634,0.284552846,1.727481383,0.491841454
6685,259,0.007383274,0.909094236,0.106539167,0.020022084,5.225764,0.394894029,0.199126365,714,0.925531915,0.840336134,29.87596899,0.166666667,3.28643102,0.702254052
7296,318,0.005416295,0.546571385,0.232826485,0.020103114,5.648975,0.271303378,0.153740761,264,0.996453901,1,49.46402878,0.40647482,-0.543516408,1.271826566
7371,327,0.002684266,0.637288075,0.065428029,0.020208968,5.698929,0.270553467,0.147765077,213,1,1,36.22580645,0.297491039,0.210602254,-0.155895025
6601,249,0.000690648,0.456582336,0.151057956,0.020263369,5.71427,0.252739195,0.138319247,483,1,1,43.07885305,0.336917563,-1.208364046,-0.27967554
5840,115,0.003210716,0.679071023,0.055673291,0.020309573,5.70699,0.268272066,0.151506782,801,0.996453901,0.731585518,36.89568345,0.26618705,0.690358036,-0.134015879
6531,235,0.002678372,0.627213841,0.075939441,0.020321801,5.710426,0.253222439,0.155471202,354,0.996453901,1,37.24100719,0.399280576,-0.215474174,0.485912157
5273,44,0.00236955,0.529893747,0.079221213,0.020342039,5.716113,0.244255493,0.122283275,1344,0.996453901,1,37.55035971,0.273381295,-0.437098133,-0.819261014
5366,60,0.002716678,0.68646356,0.042115463,0.020378374,5.400269,0.268522364,0.148332524,1071,0.939716312,0.951447246,37.95801527,0.27480916,0.444827917,-0.117146046
5642,94,0.002536971,0.849384123,0.216975309,0.02038065,2.445678,0.364187354,0.146893714,162,0.425531915,1,22.7008547,0.222222222,1.675920481,-0.897994007
6148,172,0.003449429,0.426473054,0.018736383,0.020388411,5.708755,0.271530132,0.150260449,459,0.992907801,1,63.73285199,0.436823105,-1.899141748,1.623110033
6924,288,0.000660887,0.595662984,0.14434135,0.020416553,5.757468,0.226365826,0.127844102,1197,1,0.883040936,52.48387097,0.444444444,-1.628906995,0.612324709
6130,170,0.002994084,0.7302318,0.038953579,0.020425265,4.61611,0.345922216,0.150740549,285,0.80141844,0.792982456,30.09865471,0.286995516,0.935332945,-0.313999933
5894,127,0.001488573,0.482851891,0.148190818,0.020684943,5.771099,0.262694159,0.141861695,252,0.989361702,1,43.95289855,0.373188406,-1.149467641,0.116982489
5822,114,0.001597215,0.553691809,0.004994483,0.020711608,5.550711,0.282774405,0.147951975,771,0.95035461,0.86381323,33.78490566,0.279245283,-0.011134627,-0.59884277
6732,264,0.002552139,0.628750502,0.011136968,0.020884809,5.889516,0.248946773,0.155270054,192,1,1,47.56227758,0.415770609,-0.657066644,1.01518573
5123,29,0.003632206,0.69084994,0.078185999,0.02090248,5.664572,0.298736427,0.141659129,759,0.960992908,1,35.94402985,0.242537313,0.709067274,-0.35426468
5858,121,0.00246463,0.512221189,0.051488465,0.020985621,5.917945,0.254169986,0.141994289,633,1,1,62.390681,0.419354839,-1.738232134,1.323326222
6198,176,0.001399483,0.734511995,0.089588258,0.02102917,5.930226,0.272463309,0.163096006,360,1,1,59.68100358,0.465949821,-1.020407382,1.927184406
7572,328,0.001977624,0.615054612,0.13649773,0.021054849,5.579535,0.228324941,0.134843041,669,0.939716312,1,38.53053435,0.286259542,-0.152965827,-0.439379029
6216,177,0.00296026,0.74911035,0.183685119,0.021091399,5.652495,0.274041463,0.171184595,804,0.95035461,1,35.33584906,0.298113208,0.931343035,0.382606681
6450,216,0.004195206,0.627835566,0.011346055,0.021121094,5.850543,0.269046822,0.143839621,987,0.982269504,0.929078014,45.5729927,0.416058394,-0.457836941,0.909509253
6405,207,0.001264582,0.690825525,0.088493997,0.021173663,5.970973,0.250752264,0.134470384,1074,1,1,39.01075269,0.265232975,0.063666415,-0.515072979
5335,53,0.002065102,0.722798711,0.127979005,0.021261191,5.88935,0.237108679,0.14665802,813,0.982269504,1,44.54379562,0.324817518,-0.016526744,0.35989133
6507,231,0.00595206,0.785294638,0.225055279,0.021273955,5.70142,0.364338709,0.213621384,162,0.95035461,1,41.69056604,0.237735849,2.057498004,1.528444554
6962,296,0.003784667,0.700478801,0.08110081,0.021277218,5.65974,0.263104136,0.144491498,309,0.943262411,0.69579288,44.28136882,0.403041825,-0.080077205,0.805085812
5168,34,0.003440455,0.648219794,0.09427861,0.021277669,5.979025,0.254362208,0.16274036,843,0.996453901,1,46.50359712,0.478417266,-0.610549111,1.517873679
7273,316,0.004078633,0.738693559,0.19031848,0.021433298,6.04419,0.275898011,0.183792975,318,1,1,54.36917563,0.46953405,-0.191940046,2.385893571
5910,129,0.001757295,0.679229908,0.017436594,0.021451996,5.920751,0.285955109,0.153870577,720,0.978723404,1,31.08424908,0.252747253,0.657564292,-0.55070283
6389,202,0.002470832,0.705838843,0.044505729,0.021457086,5.986527,0.25567562,0.169386685,1158,0.989361702,0.954231434,50.59057971,0.438405797,-0.430202301,1.580857159
7135,310,0.001865508,0.493808908,0.233584593,0.021513209,6.066725,0.25228686,0.147987296,573,1,1,62.46953405,0.483870968,-2.104623263,1.638757633
5893,126,0.004077993,0.490580457,0.010521394,0.021529152,6.071221,0.244864254,0.151392164,546,1,0.798534799,61.4874552,0.523297491,-1.807482013,2.064743712
7128,309,0.004962331,0.590716324,0.01699155,0.021649036,6.083379,0.261936993,0.161011581,1269,0.996453901,1,47.82374101,0.420863309,-0.385293824,1.390580412
5849,118,0.001841306,0.706874204,0.127864823,0.021667436,6.066882,0.273471117,0.155587592,465,0.992907801,1,41.57761733,0.350180505,-0.006365727,0.453252764
5257,40,0.003918778,0.763961751,0.087423622,0.021743587,6.109948,0.267432063,0.135352253,636,0.996453901,1,47.96402878,0.356115108,0.006490689,0.733148065
6258,182,0.007041499,0.705174035,0.043837832,0.021750816,6.13373,0.276695746,0.18050109,864,1,0.806712963,36.2078853,0.35483871,1.301031672,1.250067153
6563,245,0.002475209,0.62432342,0.124031871,0.021833191,6.047794,0.269747944,0.140056177,681,0.982269504,0.995594714,37.1350365,0.266423358,0.151686414,-0.434808369
6639,253,0.003452531,0.811567746,0.07374613,0.021844993,6.138443,0.287713024,0.152180594,631,0.996453901,1,49.65827338,0.341726619,0.302214209,1.038837341
6098,166,0.00416456,0.604160475,0.016064059,0.021863762,6.056262,0.240065407,0.141122146,1761,0.982269504,0.934696195,39.09854015,0.343065693,-0.032133046,0.196552966
4932,15,0.002420154,0.673121483,0.013838014,0.021891125,5.976277,0.295996487,0.159521954,981,0.968085106,0.845056065,44.13333333,0.359259259,-0.052934278,0.684635656
6933,289,0.00120465,0.543641856,0.181339059,0.021902387,6.176473,0.248011446,0.155687827,327,1,1,45.37992832,0.376344086,-0.887133661,0.477377548
6958,294,0.001575263,0.750830266,0.090414208,0.02197257,6.130347,0.285159714,0.147654082,399,0.989361702,1,40.46014493,0.336956522,0.101010039,0.223993084
6393,203,0.003980933,0.815032847,0.130894777,0.02198835,6.156738,0.308077752,0.155752962,558,0.992907801,0.860215054,29.51624549,0.205776173,1.777285656,-0.401939662
6992,301,0.004689103,0.811238186,0.036403509,0.021998774,5.851674,0.315063689,0.186775922,300,0.943262411,1,35.47908745,0.300380228,1.56807776,0.951358221
5949,140,0.003294389,0.601106036,0.078903957,0.022071145,6.224063,0.235537783,0.156306756,546,1,0.76007326,62.45878136,0.46953405,-1.28025796,1.978826296
5104,27,0.005837494,0.895761287,0.052925659,0.022129151,6.151904,0.270013966,0.177233406,150,0.985815603,1,36.45090909,0.334545455,1.721539464,1.226197671
6909,285,0.005455526,0.72161306,0.148020419,0.022197227,6.259618,0.294997874,0.204180414,546,1,1,58.00358423,0.52688172,-0.175496907,3.316289984
5620,92,0.008799155,0.934305995,0.028665105,0.022236765,4.069328,0.28078813,0.162240096,1050,0.64893617,0.691428571,12.1,0.05,4.318410039,-1.116886068
5355,58,0.004198772,0.852125198,0.003223727,0.022406479,6.318627,0.242159729,0.130990775,297,1,0.707070707,41.64157706,0.290322581,0.906487699,0.158285777
4942,16,0.013377978,0.959337697,0.057904797,0.022544204,5.974214,0.258366875,0.12851247,612,0.939716312,1,37.53816794,0.320610687,2.499910324,1.330852719
7141,312,0.001231853,0.561795286,0.06208724,0.022556627,4.962458,0.299339561,0.141338906,669,0.780141844,0.777279522,36.96774194,0.304147465,-0.304002811,-0.500206449
6667,258,0.002386477,0.562606011,0.091803279,0.022595117,4.067121,0.269370397,0.153935008,915,0.638297872,0.886338798,36.87709497,0.361581921,-0.269607883,0.13721889
6459,219,0.005531819,0.760649291,0.076736532,0.022653257,6.252299,0.282835642,0.148508009,753,0.978723404,1,29.94871795,0.179487179,1.790059796,-0.491728677
6825,274,0.004994339,0.844774635,0.101423488,0.022673893,6.371364,0.240326247,0.133722499,366,0.996453901,0.655737705,37.52158273,0.298561151,1.157756231,0.134642475
6176,175,0.00157317,0.575022218,0.010933277,0.022730211,6.364459,0.254267488,0.162452313,1533,0.992907801,1,46.02888087,0.281588448,-0.250467417,0.265018172
5404,62,0.001214825,0.469846087,0.224256279,0.022730596,6.410028,0.271374478,0.155881863,1182,1,1,45.91039427,0.311827957,-0.861188203,0.116575052
5177,35,0.008153998,0.846102971,0.001579945,0.022862681,6.447276,0.292028137,0.156366479,606,1,0.773927393,37.96057348,0.265232975,1.993565488,0.788184825
5639,93,0.008310112,0.815401687,0.009207479,0.022882342,6.429938,0.283106618,0.169467482,756,0.996453901,0.854497354,50.10071942,0.395683453,1.050758936,2.169742681
6995,302,0.008783913,0.828583386,0.091234568,0.022901748,6.183472,0.341472558,0.225385725,180,0.957446809,1,38.74157303,0.262172285,2.75851129,2.101113511
5513,80,0.004356414,0.729354433,0.07408515,0.022909886,5.223454,0.252158629,0.154477343,396,0.808510638,1,26.82666667,0.146666667,1.833717903,-0.859354405
6797,273,0.002046617,0.744635937,0.05916739,0.022934967,5.573197,0.314813203,0.160135198,654,0.861702128,0.934250765,25.74166667,0.241666667,1.249367626,-0.632682419
7325,321,0.001765851,0.437779741,0.005849802,0.022973582,6.317735,0.27017056,0.166713215,414,0.975177305,1,45.54779412,0.400735294,-1.135453113,0.729724246
6457,217,0.006576316,0.581838966,0.080720222,0.023208628,6.544833,0.253211656,0.172254753,477,1,1,52.08243728,0.362007168,0.075999867,1.686590226
6557,243,0.01104463,0.811070695,0.088729017,0.023239597,6.460608,0.310082271,0.20821181,135,0.985815603,1,35.13818182,0.301818182,2.780463431,2.069145332
7067,307,0.004191566,0.792634924,0.043426943,0.023320476,6.36649,0.315537918,0.176046515,270,0.968085106,0.685185185,32.14814815,0.233333333,1.833013473,0.171336501
5328,51,0.004710148,0.709713161,0.017950261,0.023365354,6.472203,0.306172257,0.178705333,432,0.982269504,0.680555556,33.11678832,0.222627737,1.68343377,0.172590112
5188,36,0.001722576,0.551861945,0.009074193,0.023462447,6.61641,0.25669298,0.155262741,594,1,1,33.41218638,0.315412186,-0.109596973,-0.286475539
5428,68,0.003655934,0.739961059,0.020056433,0.023470312,6.618628,0.273256935,0.158839701,558,1,1,51.03202847,0.304659498,0.291845377,0.98250555
6175,174,0.005848506,0.711620602,0.099432279,0.023507485,6.441051,0.304074288,0.179586728,1215,0.971631206,1,28.86346863,0.291512915,1.590001692,0.501197003
5922,134,0.004470915,0.799738228,0.088778686,0.023718038,6.28528,0.237522752,0.151697742,1461,0.939716312,0.940451745,44.64885496,0.374045802,0.460539245,1.050608285
6854,276,0.001888201,0.677719179,0.152562431,0.023757463,1.59175,0.253505262,0.107438874,618,0.237588652,1,17.21875,0.140625,1.083889133,-2.499275317
4796,8,0.007902737,0.60774217,0.311697212,0.023962354,6.709459,0.334092063,0.215437392,912,0.992907801,0.878289474,36.57761733,0.299638989,1.729791055,1.614522917
5853,119,0.006104097,0.686914535,0.035604982,0.023978737,6.738025,0.279893589,0.181945838,600,0.996453901,0.826666667,33.91007194,0.276978417,1.532396886,0.678148291
7313,319,0.009994873,0.861160915,0.041035855,0.024104403,6.580502,0.3359382,0.209775322,789,0.968085106,0.787072243,15.31111111,0.085185185,4.523473914,0.090014905
5816,112,0.005007044,0.686253669,0.320995159,0.024178805,6.818423,0.25837866,0.186957725,945,1,1,59.82078853,0.455197133,-0.311933843,2.668815237
5702,101,0.001877603,0.694988258,0.0077869,0.024249826,6.814201,0.262480223,0.165509431,606,0.996453901,0.821782178,55.70863309,0.435251799,-0.711891472,1.627655515
6886,284,0.004237025,0.818708191,0.080673759,0.024367206,6.871552,0.27127336,0.205531956,192,1,1,45.58064516,0.247311828,1.639593236,1.445874901
6270,184,0.002979904,0.714364017,0.196296296,0.0243895,6.877839,0.251172498,0.156800832,270,1,1,54.08243728,0.397849462,-0.43438541,1.408671428
6303,190,0.004083331,0.731015311,0.227217719,0.024584443,6.932813,0.282140886,0.182112432,504,1,0.75,41.80645161,0.283154122,1.11062115,0.870844573
7029,306,0.005090156,0.656585672,0.278167076,0.024588566,6.909387,0.229010186,0.161680282,873,0.996453901,1,44.94604317,0.352517986,0.260439329,1.047713713
6048,159,0.002768122,0.550137168,0.116131357,0.024626548,6.92006,0.240951957,0.152144814,237,0.996453901,1,51.60071942,0.449640288,-1.210503724,1.232739064
5333,52,0.007033614,0.687641529,0.061222854,0.024659478,6.707378,0.307710852,0.221048884,2064,0.964539007,0.907945736,45.44237918,0.36802974,1.31594685,2.431737768
6572,248,0.01128647,0.722994149,0.098104508,0.024834299,6.059569,0.28665075,0.179650714,768,0.865248227,1,23.63485477,0.232365145,2.881568006,0.647107731
5744,106,0.003488383,0.617087413,0.008006112,0.024880385,6.842106,0.258893241,0.170754457,357,0.975177305,1,51.08455882,0.393382353,-0.391390129,1.437913282
5460,73,0.005114112,0.628802127,0.030737945,0.025288964,7.106199,0.269408442,0.171122388,273,0.996453901,0.769230769,44.70143885,0.356115108,0.365499746,1.152308487
5821,113,0.00999111,0.764594956,0.153621057,0.025388422,7.159535,0.260178489,0.19923392,738,1,1,44.30107527,0.405017921,1.592280023,2.628799488
6785,270,0.002690395,0.751732783,0.160044433,0.02547422,7.18373,0.275788762,0.191713404,249,1,1,36.74551971,0.189964158,1.57547965,0.272208624
6660,257,0.013051805,0.825926785,0.032183212,0.025596779,7.167098,0.297686874,0.233801468,531,0.992907801,0.964218456,43.87725632,0.285198556,3.225425459,3.085503652
4793,7,0.004901348,0.667384214,0.097439156,0.026060514,7.349065,0.282298905,0.208451321,1557,1,0.948619139,46.98207885,0.362007168,0.7372654,1.98308572
7194,314,0.010006442,0.891942626,0.120376725,0.026111128,7.363338,0.302185232,0.200263745,279,1,1,41.07885305,0.329749104,2.471747564,2.30514766
5990,149,0.00522267,0.682159556,0.341794649,0.026155018,7.375715,0.254919828,0.201317349,417,1,1,47.86021505,0.451612903,0.303413815,2.379611219
4992,20,0.004013589,0.780486832,0.06740333,0.026191426,7.385982,0.270341303,0.173314104,1809,1,1,41.98924731,0.362007168,0.708999882,1.182353253
5502,79,0.004197378,0.901572717,0.051634991,0.027006781,7.534892,0.293083962,0.176360502,1071,0.989361702,0.858076564,40.34057971,0.25,1.779631862,0.785113126
6404,206,0.00507357,0.694547127,0.131041253,0.027754821,7.743595,0.241777495,0.196092159,471,0.989361702,1,44.47826087,0.358695652,0.785409555,1.699267265
6875,281,0.018303901,0.968925066,0.003109277,0.027883113,3.708454,0.485615569,0.17006393,399,0.471631206,0.531328321,27.6,0.138461538,5.089299569,1.279433781
6782,269,0.002608752,0.768799951,0.008826446,0.027967284,7.691003,0.289275404,0.189364711,330,0.975177305,1,39.83088235,0.3125,0.945104087,0.953112686
5206,38,0.005966932,0.89265503,0.041016516,0.028046754,7.881138,0.260698138,0.175241094,468,0.996453901,0.679487179,34.8705036,0.262589928,2.200508363,0.747363108
6378,197,0.006543061,0.707586885,0.223510504,0.028331858,7.961252,0.257046128,0.188521411,930,0.996453901,1,46.10791367,0.392086331,0.75444066,1.986611617
4471,1,0.015630847,0.629644968,0.121621212,0.029723746,8.292925,0.342445157,0.189124285,591,0.989361702,0.957698816,34.09057971,0.192028986,3.172452177,1.495296052
6533,237,0.007185029,0.800101988,0.137398811,0.030075376,8.481256,0.290099367,0.254299058,990,1,1,53.33333333,0.379928315,1.753317679,3.593299792
5936,136,0.01626795,0.918615622,0.211593787,0.030907584,8.623216,0.324752621,0.205121709,375,0.989361702,1,33.44565217,0.170289855,4.519903137,2.074184199
6488,224,0.023898391,0.971360325,0.20948704,0.033443055,9.163397,0.311796051,0.207718015,363,0.971631206,1,25.44649446,0.166051661,6.159058328,2.703726695
6528,234,0.012921192,0.947758244,0.064998953,0.033465231,9.40373,0.270574655,0.194949711,306,0.996453901,1,45.62589928,0.298561151,3.011409592,2.686455645
6620,250,0.0105593,0.813188321,0.015406909,0.036603744,10.285652,0.291239972,0.248446048,501,0.996453901,0.696606786,42.86690647,0.298561151,3.063517201,3.005964687